﻿<?xml version="1.0" encoding="UTF-8"?>
<root>
  <item name="BattleConfig" md5="6efeaf5cdbb854fbdc5891858ffc3d42" type="4" />
  <item name="BattleFieldOverviewModeExtra" md5="df43d535c8a365c412d61f10538a0dfc" type="4" />
  <item name="Document" md5="547f2bb6fca518f740382010ae2f5745" type="4" />
  <item name="GuideModeExtra" md5="77b4c95722a8f3d6e3c14f10b27813f6" type="4" />
  <item name="LoadResMgrHigh_and" md5="3b35aacd2b719d72c59445f57dbc82c6" type="4" />
  <item name="LoadResMgrSimple_and" md5="e578320a611b046d419446c6e12adfb7" type="4" />
  <item name="LoadResMgr_and" md5="615b7fc3730eb8949c297f3faac5ce07" type="4" />
  <item name="BaseDepend" md5="87387763d10787256e133f624cfba16f" type="1" />
  <item name="ShaderVariants" md5="20fbf411e9d61b2a6cda1d6eb4f9abca" type="1" />
  <item name="ShaderVariantsInBattle" md5="5859bc155bea1b81f1b15dbc8f6261a2" type="1" />
  <item name="Atlas_CommonUI" md5="a36a9f966459ef9d0ef199c42a06d14e" type="0" />
  <item name="UI_MainInterface" md5="5fa471d0127392de4200a5ec6eeceed1" type="0" />
  <item name="PVP_032_low" md5="d6c4f727ad7b8dedb797a72aa3408e33" type="0" />
  <version name="759.2" />
</root>